hip,ra,de,plx,vmag,b_v
96459,294.15856119,44.69518822,24.64,5.17,0.928
6813,21.9128547,45.40695287,35.33,4.83,0.421
4151,13.26783051,61.12355735,53.85,4.8,0.54
13254,42.64547584,38.31890838,25.54,4.22,0.343
16499,53.10960058,46.05704336,27.46,5.3,0.398
8362,26.9336011,63.85310111,100.24,5.63,0.804
72607,222.67664751,74.15547596,25.79,2.07,1.465
71075,218.01982421,38.30788348,38.29,3.04,0.191
53910,165.4599615,56.38234478,41.07,2.34,0.033
115438,350.7429228,-20.10034505,20.14,3.96,1.082
6564,21.08535375,-6.91466853,22.33,5.92,0.407
116495,354.09727881,2.10207138,32.27,5.68,0.449
118268,359.82750994,6.86359373,30.78,4.03,0.419
3765,12.09388786,5.28338873,134.04,5.74,0.89
7981,25.62479083,20.27015091,133.91,5.24,0.836
27628,87.7398034,-35.76929225,37.94,3.12,1.146
34065,105.98916816,-43.60898397,61.54,5.56,0.624
38423,118.06584635,-34.70602121,55.48,5.01,0.47
38474,118.19946278,-5.42818693,24.45,5.76,0.412
16846,54.19711994,0.58815498,34.52,5.82,0.885
20842,67.00300662,21.62000558,20.85,5.72,0.27
29800,94.11070845,12.2717103,51.0,5.04,0.431
56343,173.25107936,-31.85752405,25.23,3.54,0.947
62896,193.35894159,-40.17881857,21.03,4.25,0.224
57757,177.67202553,1.76537705,91.74,3.59,0.518
47080,143.91678098,35.81076694,89.45,5.4,0.77
51658,158.30832166,40.42554046,29.13,4.72,0.222
63121,194.00251587,38.31469771,39.95,5.61,0.337
71053,217.95774098,30.37114497,21.92,3.57,1.298
74785,229.25196591,-9.38286694,20.38,2.61,-0.071
88694,271.59851342,-36.01980798,57.58,5.94,0.615
89642,274.4072049,-36.76128103,21.87,3.1,1.582
74975,229.82741626,1.76665611,40.46,5.04,0.54
87108,266.97322515,2.70745875,34.42,3.75,0.043
85157,261.02756159,22.96037466,23.37,5.7,0.229
84862,260.16447313,32.47027246,69.48,5.38,0.619
89772,274.78984693,7.25976189,22.24,5.41,1.084
94068,287.24965607,6.07339716,22.96,5.23,0.346
92043,281.4155466,20.54712356,52.37,4.19,0.483
99770,303.63326032,36.8061354,24.37,4.93,0.151
74824,229.3790009,-58.80087882,33.75,4.07,0.088
77952,238.78670013,-63.42974973,81.24,2.83,0.315
81065,248.36443409,-78.89695917,20.44,3.86,0.923
55779,171.4315173,-63.97231572,36.46,5.18,0.495
35564,110.08940661,-52.3118825,28.75,5.5,0.483
25918,82.96942437,-76.3416634,32.43,5.18,1.13
11258,36.22497693,-60.31162902,20.4,5.36,0.395
99889,304.00252971,45.57965867,28.97,5.87,0.447
116584,354.3904487,46.45917621,38.74,3.81,0.984
116727,354.83742516,77.63196681,72.5,3.21,1.031
12777,41.04869991,49.22866639,89.03,4.1,0.514
85829,263.06616249,55.17280674,32.64,4.86,0.279
80480,246.43136816,78.96360053,23.61,5.55,0.249
65477,201.30589832,54.98799884,40.19,3.99,0.169
42080,128.6507805,65.14527349,20.63,5.47,0.207
45333,138.58562984,61.42339501,51.12,5.18,0.605
111045,337.44142048,-27.10723481,23.76,5.95,0.362
9884,31.79285757,23.46277743,49.48,2.01,1.151
10540,33.94139916,25.78309877,24.93,5.79,0.439
13209,42.49578911,27.26079044,20.45,3.61,-0.1
26460,84.43601282,-28.68979391,23.54,5.28,0.486
21594,69.54529558,-14.303587,29.84,3.86,1.082
40706,124.6391383,-36.65953286,35.06,4.44,0.222
36795,113.51335813,-22.29618077,38.91,4.44,0.521
35487,109.86700585,-16.39491266,22.71,5.7,0.346
40035,122.66656902,-13.79934746,44.47,5.53,0.488
18975,60.98543787,8.19720135,27.8,5.45,0.371
20641,66.35393596,22.2001124,22.65,5.27,0.25
33202,103.66080771,13.17801628,35.79,4.73,0.321
32104,100.60134402,17.64551421,23.41,5.2,0.063
40023,122.61344988,25.50817993,23.82,5.73,0.825
49841,152.64748785,-12.35383921,28.44,3.61,1.007
65109,200.15027321,-36.71208109,55.64,2.75,0.068
64725,198.99409266,-19.94282246,25.68,5.21,1.011
56445,173.59189996,3.060415,37.65,5.76,0.48
50319,154.13507067,23.50301282,32.94,5.95,0.655
50384,154.31166926,23.10645604,44.01,5.81,0.5
50786,155.54439708,41.22986684,25.65,5.73,0.531
63125,194.00767051,38.31824617,29.6,2.89,-0.115
79980,244.88617634,-30.90676896,24.1,5.53,0.466
76333,233.88141398,-14.78955365,21.42,3.91,1.007
91438,279.72269706,-21.05150199,77.02,5.85,0.673
76424,234.12164831,16.1190982,20.4,5.93,0.354
97675,297.75625098,10.4160539,51.57,5.12,0.563
62268,191.40798434,-60.98116057,26.17,4.69,1.049
47175,144.2069042,-49.3551286,30.35,4.34,0.173
38908,119.44293578,-60.30336068,61.76,5.59,0.573
107649,327.06503724,-47.3028979,63.95,5.57,0.601
1599,5.00797581,-64.8776232,116.38,4.23,0.576
14240,45.90376552,-59.73761994,23.67,5.12,0.349
7588,24.42813204,-57.23666007,22.68,0.45,-0.158
102843,312.52013154,44.0589822,23.67,5.06,0.198
95853,292.42641389,51.72946747,26.63,3.76,0.148
9727,31.27938922,77.28145654,29.8,5.27,0.345
25110,80.64073869,79.23075701,47.66,5.08,0.506
24608,79.17206517,45.99902927,77.29,0.08,0.795
85699,262.69570753,86.96802383,20.88,5.78,0.239
45075,137.72887992,63.51378087,26.79,4.67,0.381
56035,172.26959813,61.77778557,30.4,5.83,0.382
5296,16.94216802,-9.78559168,20.97,5.71,0.446
8497,27.39662961,-10.68618074,42.35,4.66,0.333
10305,33.19717997,-2.3934596,21.71,5.65,0.546
104521,317.58529617,10.13194861,28.38,4.7,0.262
12706,40.82551897,3.23617162,39.78,3.47,0.093
10535,33.92847664,25.0432553,20.77,5.57,0.52
17797,57.14926223,-37.62012878,20.23,4.3,-0.038
21547,69.40044421,-2.47339212,33.6,5.22,0.283
36399,112.35670842,-7.55147431,35.95,5.86,0.487
16852,54.21882896,0.40283316,72.89,4.29,0.575
20219,64.99014508,14.03524954,22.31,5.58,0.283
20614,66.23774871,19.0420923,20.4,5.97,0.378
43587,133.15055377,28.33138843,79.8,5.96,0.869
73184,224.36396501,-21.4112809,169.32,5.72,1.024
45336,138.59080529,2.31502422,25.34,3.89,-0.06
64792,199.19463902,9.423693,55.71,5.19,0.585
69673,213.91811403,19.18726997,88.85,-0.05,1.239
78747,241.15379632,-37.86266825,25.1,5.91,0.409
76219,233.54383219,-10.06395962,34.54,4.61,1.0
98421,299.96366659,-34.69763103,20.81,5.3,0.17
99461,302.79836763,-36.09738423,165.24,5.32,0.868
102485,311.52402547,-25.27051682,68.16,4.13,0.426
95168,290.41823037,-17.84725155,26.79,3.92,0.228
83000,254.41779418,9.37505626,37.99,3.19,1.16
83613,256.34441753,12.74085469,22.68,4.89,0.125
85912,263.3451751,19.25689917,27.26,5.65,0.505
98036,298.82819233,6.40793334,72.95,3.71,0.855
98819,301.02693796,17.07116105,56.6,5.8,0.6
99742,303.56910667,15.19746767,21.24,4.94,0.072
98767,300.90394052,29.89807932,62.92,5.73,0.749
61622,189.42636588,-48.54128816,24.77,3.85,0.049
46651,142.67547063,-40.46688763,53.89,3.6,0.371
44382,135.61166181,-66.39584369,26.24,4.0,0.145
37504,115.45498347,-72.60613528,24.36,3.93,1.033
34473,107.1764228,-70.49734046,22.16,5.68,0.436
38160,117.30394188,-60.28402896,28.62,5.78,0.428
37606,115.73817103,-45.17177284,41.43,5.04,0.765
109268,332.05781838,-46.96061593,32.16,1.73,-0.07
21253,68.39208243,-62.82363051,21.74,5.79,1.028
27947,88.70878524,-52.63607272,28.65,5.29,0.295
3170,10.10273354,-59.45568115,39.26,5.89,0.564
7083,22.81242306,-49.07307701,22.15,3.93,0.972
93408,285.3598321,46.93502175,25.54,5.0,0.186
11569,37.26661741,67.40238385,23.04,4.46,0.153
22287,72.00090298,56.75753919,20.12,5.29,0.246
23783,76.66940952,51.59814314,38.14,4.98,0.343
63076,193.8689797,65.43854743,34.67,5.23,0.303
65378,200.98091604,54.92541525,41.73,2.23,0.057
113860,345.87401266,-34.74961718,34.98,5.12,0.305
107095,325.38722004,-14.0468604,30.73,5.16,0.672
11072,35.6350873,-23.81631542,45.6,5.19,0.608
104101,316.36162027,5.95848857,27.06,5.94,0.538
104858,318.61995883,10.00771855,54.11,4.47,0.529
116771,354.98675133,5.62735374,72.51,4.13,0.507
104732,318.23408977,30.22708128,21.62,3.21,0.99
12832,41.23961417,12.44596709,26.15,5.17,0.234
15411,49.67113524,-18.55964006,27.33,5.72,0.381
18606,59.71842188,-5.46952376,22.88,5.85,1.001
18907,60.78907003,5.98930909,25.24,3.91,0.032
20901,67.20875444,13.04763905,20.33,5.02,0.215
21039,67.66177772,15.69193829,22.55,5.47,0.258
36723,113.2986465,3.29027472,23.44,5.59,0.321
56802,174.66648767,-13.20224958,37.06,5.48,0.52
61621,189.42594398,-27.13865883,28.91,5.41,0.334
65420,201.13806845,-5.16392212,33.23,5.76,0.415
55765,171.4019142,16.45655059,21.15,5.58,0.39
57632,177.26615977,14.57233687,90.16,2.14,0.09
63608,195.54483557,10.95910186,31.9,2.85,0.934
85340,261.59257241,-24.17502346,38.96,4.16,0.283
94114,287.36782635,-37.90423953,25.15,4.11,0.042
93174,284.68114151,-37.10708855,33.43,4.83,0.396
89962,275.32883578,-2.897122,52.81,3.23,0.941
103045,313.16335749,-8.98323782,21.01,4.73,0.325
88771,271.8375861,9.56365345,39.4,3.71,0.159
92951,284.06088696,4.20205672,22.84,4.98,0.204
86486,265.09888468,-49.41515481,45.72,4.76,0.415
57363,176.40236386,-66.72884344,25.42,3.63,0.16
29271,92.55918047,-74.7525279,98.54,5.08,0.714
88866,272.14496186,-63.66804844,23.55,4.33,0.228
108195,328.79724631,-61.88638824,21.49,5.92,0.393
118121,359.39571557,-64.29808259,20.53,5.0,0.06
113638,345.22030979,-52.75410562,28.99,4.11,0.96
7601,24.47908355,-82.97528876,36.86,5.88,0.62
3330,10.61790472,-65.46813002,24.59,5.38,0.515
15510,49.97177014,-43.07154929,165.02,4.26,0.711
105769,321.33078455,46.71422433,29.14,5.59,0.335
114622,348.31143134,57.16763844,153.24,5.57,1.0
102431,311.33831928,57.58029799,36.87,4.52,0.535
3821,12.27125262,57.8165477,167.99,3.46,0.587
78180,239.44830388,54.74950359,29.57,4.96,0.269
35643,110.32308085,45.22817039,28.99,5.74,0.342
58001,178.45725536,53.69473296,38.99,2.41,0.044
48833,149.42143543,41.05569741,34.61,5.11,0.481
111188,337.87620651,-32.34602798,21.99,4.29,0.011
3909,12.53218487,-10.64377045,64.69,5.17,0.514
6537,21.00604671,-8.18275372,28.48,3.6,1.065
12444,40.05209879,-9.45268375,46.42,5.79,0.524
106897,324.75463604,20.26545357,25.57,5.77,0.314
112935,343.09902715,9.83555733,37.25,5.16,0.487
115830,351.99236589,6.37909727,20.54,4.27,1.062
3810,12.2446238,16.9411337,41.8,5.07,0.502
1686,5.28010785,37.96869954,20.42,5.16,0.442
8433,27.17366149,32.68948705,36.65,5.78,0.572
21770,70.14092957,-41.86357034,49.67,4.44,0.342
21248,68.3776229,-29.76583186,26.22,4.49,0.972
18859,60.65273634,-0.26831052,52.0,5.38,0.516
23166,74.75599103,-16.37633681,23.17,5.65,0.447
25397,81.49926259,-19.69535296,23.24,5.78,0.441
26563,84.72121589,-7.21270844,21.24,4.77,0.139
31167,98.0963736,-5.86871833,23.13,5.6,0.256
37447,115.31198612,-9.55108315,22.61,3.94,1.022
18993,61.04078184,2.82725258,28.87,5.36,0.505
19554,62.83414887,5.52303505,25.89,5.71,0.36
18170,58.29149356,17.32715595,24.14,5.97,0.354
22845,73.7237672,10.15114511,27.04,4.64,0.085
40167,123.05295353,17.64813756,39.11,4.67,0.531
50888,155.87255727,-38.00970922,24.7,5.34,0.251
66249,203.673978,-0.59593821,44.55,3.38,0.114
47508,145.28799116,9.89239902,24.12,3.52,0.516
55642,170.98070334,10.52969772,41.26,4.0,0.423
71284,218.66954381,29.74480735,64.66,4.47,0.364
80337,246.00514651,-39.19298857,77.69,5.37,0.625
93506,285.65301428,-29.88011429,36.61,2.6,0.062
75761,232.15952692,1.84216258,26.68,5.15,0.245
77622,237.70371344,4.4775798,46.39,3.71,0.147
86623,265.49432602,15.95217942,28.15,5.54,0.387
75411,231.12306762,37.37696091,26.96,4.31,0.309
70104,215.17729569,-45.1868814,21.95,4.78,0.31
86796,266.0363211,-51.83358836,65.46,5.12,0.694
75308,230.79417262,-60.65710865,24.0,5.65,0.489
63613,195.56573968,-71.54879865,35.91,3.61,1.19
41312,126.43435936,-66.13652042,30.21,3.77,1.132
34481,107.18676883,-70.49919435,23.02,3.78,1.006
42913,131.17582214,-54.70856797,40.9,1.93,0.043
114167,346.81169415,-50.68662467,25.15,5.81,0.486
11001,35.43759585,-68.6594239,24.1,4.08,0.034
19747,63.5003388,-42.29387294,27.85,3.85,1.085
7751,24.94684603,-56.19644067,122.75,5.76,0.88
109572,332.95214631,56.83904211,27.03,5.24,0.534
82020,251.3241238,56.78168723,37.41,4.84,0.375
72487,222.32781437,46.11639336,21.34,5.76,0.482
70497,216.30008064,51.85171354,68.63,4.04,0.497
45038,137.59802574,67.13423886,48.87,4.8,0.489
39221,120.33644785,59.04731836,22.94,5.78,0.421
114131,346.71986858,-43.52032436,24.51,4.28,0.423
108036,328.32326591,-13.55180134,36.15,5.08,0.378
115142,349.84941462,-5.12430243,28.72,5.56,0.386
443,1.33394073,-5.70783255,25.38,4.61,1.029
107354,326.16126755,25.64500284,28.34,4.14,0.425
8588,27.71672491,11.0434459,23.46,5.92,0.302
3092,9.83165567,30.86122579,32.19,3.27,1.268
8796,28.27041595,29.57939727,50.87,3.42,0.488
14146,45.59830468,-23.62433613,37.85,4.08,0.163
22044,71.10737323,11.14616933,20.73,5.39,0.251
20885,67.14346805,15.96221721,20.66,3.84,0.952
21588,69.53906817,16.03338888,21.96,5.78,0.312
33277,103.82787799,25.37563643,57.89,5.74,0.573
43109,131.6943593,6.41890691,24.13,3.38,0.685
39780,121.9410051,21.58197937,42.86,5.3,0.642
57841,177.92340338,-30.83409571,31.81,5.85,0.554
55598,170.84196837,-18.77990277,22.8,5.08,0.439
64577,198.54570701,-19.93133468,25.89,5.31,0.862
61296,188.3927875,-12.83032829,20.58,5.58,0.861
54182,166.25512463,7.33612254,34.54,4.62,0.332
83196,255.03949377,-24.98893659,30.05,5.74,0.407
83962,257.44965775,-10.5230375,24.79,5.43,0.465
92882,283.87925799,-16.37618751,31.24,5.56,0.445
78072,239.11247598,15.66473327,89.92,3.85,0.478
79607,243.67100328,33.85882404,46.11,5.23,0.599
81693,250.32282132,31.60188695,92.63,2.81,0.65
86974,266.61549553,27.72249917,119.05,3.42,0.75
81833,250.72391068,38.92246103,29.11,3.48,0.916
99031,301.59137234,35.97353894,41.34,5.38,0.85
71908,220.62785433,-64.97456957,60.97,3.18,0.256
103882,315.74156102,-38.63118269,28.32,5.32,0.424
110109,334.5632606,-53.62553594,73.47,5.36,0.614
22531,72.73077622,-53.46172112,26.97,5.58,0.341
19893,64.00621426,-51.48709578,49.26,4.26,0.312
522,1.5777634,-49.07509405,39.0,5.7,0.519
106481,323.49530361,45.59206564,26.2,3.98,0.885
89348,273.4723271,64.39719935,42.56,4.99,0.44
14576,47.04220716,40.9556512,35.14,2.09,-0.003
110395,335.41374983,-1.38735315,20.67,3.86,-0.057
5364,17.14693197,-10.181928,27.73,3.46,1.161
7916,25.4366587,-11.32366816,26.83,5.75,0.443
11029,35.50600237,-10.77733458,33.48,5.43,0.364
114189,346.86936478,21.13437231,25.04,5.97,0.259
8903,28.65978771,20.80829949,54.74,2.64,0.165
10306,33.19993262,21.21098318,33.19,5.23,0.457
14879,48.01783332,-28.98910623,70.86,3.8,0.543
21861,70.51435953,-37.14476616,36.16,5.04,0.391
30545,96.31836214,-0.94535265,30.22,5.88,0.564
20205,64.94805793,15.62770031,21.17,3.65,0.981
37031,114.14487545,5.86210427,22.92,5.89,0.602
28734,91.0300689,23.26363207,21.64,4.16,0.835
66563,204.67552479,-29.56067984,20.42,5.81,0.431
59199,182.10313607,-24.72877993,67.71,4.02,0.334
64962,199.7302224,-23.17141246,24.69,2.99,0.92
70755,217.05091806,-2.22795009,24.15,4.81,0.693
70400,216.04745973,5.82011481,21.56,5.1,0.124
81754,250.473642,-19.92447879,23.5,5.55,0.436
85667,262.59946496,-1.06250365,60.8,5.31,0.715
100064,304.5134103,-12.54485877,30.01,3.58,0.883
86731,265.84016161,24.32764591,26.13,5.73,0.683
73996,226.82477948,24.86959294,50.7,4.93,0.429
78662,240.88425437,-57.77487351,23.26,4.63,0.252
83431,255.78628886,-53.23662642,37.97,5.27,0.498
54746,168.13810684,-49.10107805,20.02,5.37,0.175
101612,308.89486744,-60.58129819,36.27,4.75,0.291
105858,321.61038385,-65.36814438,108.5,4.21,0.494
104738,318.2621978,-39.42464394,29.96,5.25,0.46
114948,349.23945138,-62.00113447,48.6,5.64,0.521
112117,340.65365518,-47.21000778,42.47,5.99,0.584
12225,39.35110362,-52.54308845,22.49,5.3,0.289
9007,28.98680207,-51.60958673,57.19,3.69,0.844
104214,316.71181258,38.74149446,287.13,5.2,1.069
100859,306.7591909,49.38322449,26.56,5.73,0.339
96100,293.08577692,69.66540172,173.41,4.67,0.786
18453,59.15181574,50.69569169,24.51,5.28,0.425
86620,265.49182676,72.15757591,44.8,5.81,0.53
73100,224.09558479,49.62899937,40.25,5.63,0.533
63503,195.18160731,56.36633134,40.06,4.93,0.368
51384,157.42586771,84.25210531,24.52,5.52,0.244
51502,157.77091914,82.55853791,46.54,5.25,0.399
47013,143.7224525,72.2058641,20.06,5.77,0.53
51814,158.79009325,57.08254651,37.8,5.16,0.349
117452,357.23116631,-28.1300148,22.73,4.59,0.001
106559,323.71278777,-20.08438179,36.86,5.7,0.423
107788,327.53601656,17.28595705,29.91,5.34,0.394
118281,359.87222432,33.72413297,34.47,5.81,0.539
12153,39.1572862,12.44784628,28.4,5.64,0.516
5586,17.91494471,30.08972962,20.11,4.51,1.092
1086,3.37889713,41.03572671,28.57,5.71,0.331
11486,37.04162643,29.66953828,21.01,5.29,0.311
14954,48.19301506,-1.19593294,44.69,5.07,0.575
40693,124.5990846,-12.62976955,79.48,5.95,0.754
37740,116.11195237,24.39812929,22.73,3.57,0.932
64924,199.60405,-18.30861062,117.3,4.74,0.709
54872,168.52671705,20.52403384,56.52,2.56,0.128
72659,222.84701756,19.10063329,149.26,4.54,0.72
60170,185.08216696,26.6197509,20.78,5.52,1.091
66257,203.69894294,37.18243871,22.46,4.91,0.404
90496,276.99278955,-25.42124732,42.2,2.82,1.025
77052,236.00769128,2.51552506,68.16,5.86,0.684
80179,245.51850007,1.02892219,36.56,4.82,0.338
86742,265.86823714,4.56691684,39.78,2.76,1.168
61084,187.79137202,-57.11256922,37.09,1.59,1.6
71681,219.91412833,-60.83947139,742.12,1.35,0.9
76716,234.98619135,-59.90781512,32.34,5.95,0.505
80686,247.11583852,-70.08467012,82.61,4.9,0.555
95261,290.71325245,-54.42372882,20.98,5.03,0.02
92024,281.36190079,-64.87089771,34.21,4.78,0.199
98495,300.14747226,-72.91018443,30.73,3.97,-0.032
110618,336.14329493,-72.25377388,34.6,5.28,0.66
110506,335.78246322,-45.92834717,24.62,5.62,0.372
5896,18.93956391,-68.87623708,48.94,4.25,0.48
15330,49.43528798,-62.57689893,82.51,5.53,0.641
25768,82.53942437,-47.07733403,22.87,5.46,0.615
10602,34.12708452,-51.51211145,21.06,3.56,-0.12
111169,337.82239898,50.28244976,31.86,3.76,0.031
94336,288.02173147,49.85423807,40.16,5.85,0.666
96895,295.45453769,50.52544635,46.25,5.99,0.643
100017,304.37763542,66.85296587,56.92,5.91,0.602
6711,21.57749566,43.45788606,24.21,5.98,0.52
746,2.29204036,59.15021814,59.89,2.28,0.38
11090,35.70984185,41.39653472,21.16,5.81,0.289
9480,30.48979079,70.90704605,27.91,4.49,0.164
13665,43.98642959,61.52106281,37.78,5.59,0.445
62512,192.16390269,60.31989667,41.39,5.83,0.467
40875,125.10832165,57.74324466,31.57,5.89,0.421
44901,137.21827365,51.60472728,34.12,4.46,0.288
104019,316.10135259,-19.85493122,20.64,4.82,0.169
109285,332.0956383,-32.98839827,25.01,4.5,0.054
104139,316.48658082,-17.23271095,20.61,4.08,-0.01
11477,37.00704179,-33.81105246,21.35,5.13,0.089
3419,10.89678452,-17.9866841,34.04,2.04,1.019
6748,21.71481835,-13.05653391,27.55,5.51,0.321
105502,320.52139118,19.80435581,21.19,4.08,1.108
111974,340.21882625,14.54886051,30.49,5.72,0.723
113357,344.36604441,20.7686841,65.1,5.45,0.666
109176,331.75197729,25.3450461,85.06,3.77,0.435
12828,41.23488901,10.11421979,38.71,4.27,0.311
9153,29.48239763,23.5960961,24.49,4.79,0.29
36817,113.57780754,-23.47366319,34.41,5.06,0.468
44075,134.68243659,-16.13324587,46.9,5.8,0.521
22449,72.45890935,6.96124744,124.6,3.19,0.484
20542,66.02372401,17.44421161,22.36,4.8,0.154
21029,67.63987124,16.19407556,22.54,4.78,0.17
20711,66.57664484,22.81369394,21.07,4.28,0.263
23497,75.77376699,21.5900617,20.01,4.62,0.155
24813,79.78365993,40.10066732,79.08,4.69,0.63
43813,133.84868687,5.9455277,21.64,3.11,0.978
43970,134.31213728,15.32271727,20.39,5.22,0.149
35846,110.8689755,25.05060041,21.17,5.04,0.902
32480,101.68474593,43.57702483,60.56,5.24,0.575
51933,159.13426115,-12.22848702,40.67,5.71,0.528
67153,206.42319432,-33.04336606,51.91,4.23,0.39
60965,187.4665965,-16.51509397,37.11,2.94,-0.012
61174,188.01868646,-16.19586556,54.92,4.3,0.388
73165,224.29606996,-4.34608634,35.83,4.47,0.318
52422,160.75811147,26.32569732,22.0,5.51,0.16
59608,183.35831031,10.26236039,20.18,5.85,0.262
67927,208.6713175,18.39858742,88.17,2.68,0.58
61317,188.43788561,41.35676779,119.46,4.24,0.588
77060,236.01841829,-15.67267949,22.21,5.41,0.238
81300,249.08826456,-2.32383592,102.27,5.77,0.827
77655,237.80807231,35.65822638,32.13,4.79,0.996
83207,255.07252582,30.92633926,20.04,3.92,-0.018
96229,293.52178228,7.37931918,29.5,4.45,1.176
98920,301.28947757,19.99087704,20.17,5.09,1.058
102532,311.66465833,16.12477326,32.14,4.27,1.042
93843,286.65701713,28.6283896,24.5,5.53,0.296
91262,279.23410832,38.78299311,128.93,0.03,-0.001
61379,188.67690229,-44.67251655,35.25,5.76,0.683
31079,97.82591372,-51.82620719,26.87,5.58,0.534
104440,317.33965419,-73.17226994,53.38,5.67,0.59
110649,336.23413615,-57.79661017,48.81,5.31,0.665
114996,349.35755018,-58.23592762,45.4,3.99,0.41
9236,29.69113269,-61.56992444,45.74,2.86,0.29
96258,293.58233594,51.23707706,39.08,5.71,0.475
96620,294.67144862,54.973395,25.12,5.89,0.482
94779,289.27545794,53.36816064,26.48,3.8,0.95
94490,288.47985288,57.70525514,20.14,5.0,1.156
99500,302.89476753,62.07834754,20.54,5.7,0.53
518,1.56474395,58.43668966,49.3,5.98,0.687
8598,27.73786884,51.93369809,22.42,5.96,0.419
22361,72.20942983,75.94154357,21.92,5.96,0.283
87585,268.38178961,56.87245216,29.26,3.73,1.177
84183,258.1356641,62.87422062,24.01,5.54,0.216
59504,183.04963833,77.61619242,29.7,5.14,0.358
75458,231.2324337,58.96602354,31.92,3.29,1.166
46977,143.62069943,69.83015419,30.89,4.54,0.781
115126,349.77712113,-13.45844256,48.22,5.2,0.787
2072,6.55048418,-43.67990933,42.51,3.93,0.175
12186,39.24425358,-34.57734519,39.16,5.78,0.653
3505,11.18515547,-22.00633247,35.92,5.22,0.35
12843,41.27492276,-18.57265077,71.56,4.47,0.481
113174,343.76076644,37.07680479,24.24,5.91,0.397
194,0.62398938,8.48557854,26.53,5.7,0.315
5346,17.09309979,5.6502213,27.84,5.51,0.334
14293,46.06865515,-7.60089934,23.22,5.26,0.193
17027,54.75469049,-5.62570656,28.44,5.97,0.921
28103,89.10132627,-14.16803805,66.47,3.71,0.337
19849,63.8234923,-7.64455846,198.24,4.43,0.82
26624,84.87980519,-3.56470944,24.16,5.99,0.294
37710,116.04059732,-36.06271326,22.99,5.8,0.32
37853,116.39657467,-34.17655092,65.79,5.36,0.589
38048,116.98659214,-12.19289276,33.06,5.48,0.478
41211,126.14640836,-3.75117744,36.75,5.61,0.478
15457,49.83974536,3.36997055,109.18,4.84,0.681
20894,67.16531219,15.8709468,21.89,3.4,0.179
21847,70.45865407,38.28042013,32.03,5.97,0.593
24340,78.35721486,38.48467394,20.08,4.82,0.189
29860,94.31770235,5.09969578,51.76,5.7,0.61
36850,113.65001898,31.88863645,63.27,1.58,0.034
56452,173.62480364,-32.83334205,104.84,5.96,0.811
54204,166.33346925,-27.29359566,22.98,4.92,0.369
61212,188.15036083,-13.85897407,27.06,5.74,0.376
53423,163.92640433,0.73693069,22.85,5.91,0.425
50564,154.93462599,19.47143591,47.24,4.78,0.452
44892,137.19758758,26.63001213,31.98,5.95,0.654
56770,174.58619878,43.62551361,21.91,5.56,0.348
62325,191.59324849,9.54078962,22.36,5.65,0.989
86170,264.13686148,-38.63486521,22.64,4.26,1.075
75379,231.04970889,-10.32189476,30.9,4.92,0.453
86263,264.39677181,-15.39840835,30.93,3.54,0.262
90185,276.04310967,-34.3843146,22.55,1.79,-0.031
87558,268.3094164,6.10125423,31.87,5.77,0.425
92946,284.05483475,4.20352956,24.73,4.62,0.161
95447,291.2407096,11.94285122,66.01,5.17,0.761
92161,281.75509317,18.18122968,35.17,4.34,0.148
101916,309.7816354,10.08615196,33.27,5.07,0.702
91973,281.20079095,37.59456466,21.72,5.73,0.285
98110,299.07665069,35.08349079,23.4,3.89,1.019
86305,264.52319296,-54.50007025,23.71,5.25,0.195
50493,154.65899399,-56.11067508,27.91,5.8,0.481
56675,174.31642653,-75.89654092,23.75,5.64,0.362
101983,310.00944347,-60.54750937,41.33,5.11,0.544
15968,51.40105611,-69.33659399,25.45,5.96,0.415
15371,49.54640411,-62.50793537,82.79,5.24,0.6
24829,79.84214072,-50.60652008,27.7,5.44,0.517
13847,44.5654818,-40.30473491,20.22,2.88,0.128
92549,282.89583932,52.97452091,38.32,5.51,0.843
15648,50.36086309,43.32965174,21.0,4.96,0.051
28358,89.88145972,54.28498197,23.22,3.72,1.01
86201,264.23787472,68.75718933,42.62,4.77,0.43
81854,250.77557016,77.51347098,27.78,5.99,0.43
77760,238.16747684,42.44998796,63.08,4.6,0.563
69732,214.09656821,46.08791894,33.58,4.18,0.087
69483,213.37062458,51.78999066,21.03,4.53,0.233
32439,101.56028979,79.56627808,56.02,5.44,0.525
45493,139.04699516,54.02171207,27.55,4.8,0.199
113368,344.41177323,-29.62183701,130.08,1.17,0.145
113136,343.6626635,-15.82075994,20.44,3.27,0.066
110960,337.20750231,-0.02006304,31.53,3.65,0.406
910,2.81628415,-15.46732287,52.94,4.89,0.487
115280,350.22153629,38.18247497,23.59,5.77,0.468
114430,347.61401487,43.54473662,35.39,5.91,0.45
677,2.09653333,29.09082805,33.6,2.07,-0.038
11548,37.20224439,29.93158402,32.48,5.89,0.591
24659,79.37093064,-34.89438961,29.63,4.81,0.987
17378,55.81231706,-9.76519868,110.58,3.52,0.915
27654,87.82980343,-20.87751376,29.05,3.76,0.984
24679,79.41769273,-13.51970778,20.69,5.48,0.932
24162,77.82970507,-2.49078592,26.04,5.89,0.462
32617,102.07953302,-1.31883901,24.95,5.75,0.292
20455,65.73344722,17.5425843,21.29,3.77,0.983
19990,64.31535896,20.57874033,34.87,4.93,0.259
19335,62.15206221,38.04022796,46.87,5.52,0.52
30419,95.94207368,4.59283881,25.39,4.39,0.215
36238,111.93497685,21.44554856,29.38,5.2,0.455
47592,145.56113137,-23.91620867,67.19,4.93,0.534
64408,198.01444495,-37.80313606,48.83,4.85,0.693
61941,190.41667557,-1.44952231,84.53,2.74,0.368
47701,145.88863057,29.97472479,20.48,5.64,0.111
57029,175.39375241,31.7459835,24.42,5.73,0.44
52139,159.78248119,37.9101113,20.44,5.84,0.595
69536,213.52221581,12.95957667,30.06,5.53,0.537
84143,258.038233,-43.23849039,45.56,3.32,0.441
87261,267.4643802,-37.04337105,25.71,3.19,1.192
80399,246.16552568,-29.70446361,31.82,5.4,0.625
85423,261.8386001,-29.86669942,29.26,4.28,0.402
78400,240.08324525,-16.53238334,30.49,5.47,0.517
99171,302.00731244,-0.67802026,20.89,5.97,1.023
77070,236.06664914,6.42551971,44.54,2.63,1.167
86032,263.73335321,12.56057584,69.84,2.08,0.155
80008,244.98017016,39.70859042,37.29,5.48,0.41
93244,284.90578844,15.06847757,21.22,4.02,1.082
102531,311.66194885,16.12462394,31.69,5.15,0.495
88745,271.75669828,30.56186809,63.88,5.05,0.528
102488,311.55180091,33.96945334,45.26,2.48,1.021
50954,156.09891874,-74.03154474,61.67,3.99,0.369
32765,102.47757095,-46.61547007,39.66,5.14,0.46
89042,272.60941453,-62.00276787,56.32,5.47,0.592
110078,334.46123241,-77.51158803,26.0,5.49,0.312
103673,315.08985065,-51.26563421,35.07,5.76,0.48
104887,318.69727757,38.04432043,47.8,3.74,0.393
114210,346.93853339,49.29545491,29.33,5.68,0.449
114570,348.13717883,49.40597489,40.82,4.53,0.302
112724,342.42046735,66.20071089,28.27,3.5,1.053
94083,287.29061868,76.56079335,36.64,5.11,0.308
12623,40.5622035,40.19438688,40.52,4.91,0.582
85819,263.04340826,55.18411077,32.96,4.89,0.251
73695,225.94867417,47.65401409,78.39,4.83,0.647
51459,157.65735143,55.98061759,77.82,4.82,0.541
48113,147.14660351,46.02123319,54.26,5.08,0.619
114855,348.97198728,-9.08769554,21.97,4.24,1.107
950,2.93286698,-35.13339606,45.85,5.24,0.459
13942,44.90027293,-25.27433851,30.92,5.69,0.427
113963,346.1900702,15.20536786,23.36,2.49,-0.002
107310,326.03501874,28.74322228,44.64,4.49,0.512
7535,24.27483902,12.14151058,29.58,5.54,0.347
22263,71.90088443,-16.93486728,75.1,5.49,0.632
27072,86.11656241,-22.44748663,111.49,3.59,0.481
23941,77.18194475,-4.45624625,39.99,5.11,0.455
42430,129.78362446,-22.6629058,50.2,5.05,0.72
18735,60.20285787,18.19406866,21.99,5.89,0.319
19076,61.33395641,22.00922152,59.79,5.9,0.62
21421,68.98000195,16.50976164,50.09,0.87,1.538
21683,69.81854938,15.9180242,20.51,4.67,0.147
19205,61.75215574,29.00128762,36.26,5.21,0.359
20591,66.15593384,33.95988843,24.0,5.77,0.4
48926,149.71808346,-35.89093311,30.67,5.23,0.3
56280,173.06840611,-29.26137351,37.44,4.93,0.54
46404,141.9454878,-6.07102871,32.01,5.38,0.642
58803,180.9138115,-42.43378714,41.32,5.15,0.417
67275,206.81681937,17.45677436,64.12,4.5,0.508
82396,252.54268738,-34.29260982,49.85,2.29,1.144
84893,260.25087615,-21.11243499,57.48,4.39,0.394
88048,269.75665662,-9.77334973,21.35,3.32,0.987
95066,290.13682588,-5.41587489,21.17,4.98,0.937
84379,258.75801735,24.83958739,41.55,3.12,0.08
89000,272.47502296,3.12029682,21.3,5.67,0.49
91237,279.16288632,6.67215598,31.53,5.43,0.386
70035,214.96543244,-61.27275714,20.69,5.22,0.281
71683,219.92041034,-60.83514707,742.12,-0.01,0.71
69896,214.55821047,-81.00760147,23.36,4.89,0.243
53253,163.3731926,-58.85326474,33.71,3.78,0.945
97534,297.35538694,-72.50341408,24.08,5.39,0.234
110935,337.15600483,-67.48888731,22.96,5.56,0.208
27100,86.19341279,-65.7355408,22.48,4.34,0.217
23693,76.37787652,-57.47298928,85.83,4.71,0.526
12413,39.94966387,-42.89163328,25.15,4.74,0.061
99655,303.34917142,56.56752223,21.41,4.28,0.114
108917,330.94650782,64.62775425,32.07,4.26,0.379
7918,25.44381547,42.61380692,79.09,4.96,0.618
6686,21.45251267,60.23540347,32.81,2.66,0.16
80331,245.99794523,61.51407536,37.18,2.73,0.91
62956,193.5068041,55.95984301,40.3,1.76,-0.022
53257,163.38074963,69.85404505,23.02,5.91,1.01
110778,336.64228154,-16.74214759,49.8,5.55,0.618
2941,9.33244613,-24.76722545,64.38,5.57,0.715
9353,30.03760293,3.09763527,32.18,5.89,0.61
10644,34.26007346,34.22482985,92.2,4.84,0.607
25606,82.06135971,-20.75923214,20.49,2.81,0.807
31592,99.17082883,-19.25570928,50.41,3.95,1.037
33478,104.39153761,-24.63105594,25.94,5.45,0.39
35998,111.28515547,-13.75197556,28.72,5.79,0.432
41307,126.41529546,-3.90636482,26.09,3.91,-0.012
21036,67.65541066,13.72445018,21.84,5.4,0.263
20995,67.53555351,15.63789864,22.93,5.58,0.324
21273,68.46189659,14.84448749,21.39,4.65,0.255
37826,116.33068263,28.02631031,96.74,1.16,0.991
42806,130.82172127,21.46859609,20.58,4.66,0.01
55705,171.22076335,-17.68401748,38.9,4.06,0.216
69965,214.75469177,-25.81631724,56.23,5.87,0.518
72197,221.50074084,-25.44291557,32.86,5.15,0.315
63738,195.94177817,-20.58350964,34.89,5.58,0.554
72603,222.67193219,-15.99709226,42.26,5.15,0.401
62207,191.24865101,39.27857766,57.57,5.95,0.557
82729,253.64627156,-42.36075916,21.67,3.62,1.393
84425,258.90032398,-38.59295116,32.6,5.95,0.58
79882,244.58016994,-4.69260809,30.34,3.23,0.966
93825,286.60433158,-37.06275714,55.89,4.23,0.523
90485,276.95618477,-29.81690216,27.53,5.9,0.517
97063,295.88936752,-15.46965541,27.26,5.49,0.46
88684,271.56297335,-4.75117796,28.61,5.74,0.968
79137,242.29609713,6.38050993,32.84,5.93,0.988
77233,236.54672877,15.42192602,21.31,3.65,0.073
101769,309.38695734,14.59520289,33.49,3.64,0.425
91971,281.19306613,37.60505025,21.23,4.34,0.192
55280,169.8201814,-64.58259742,26.72,5.99,0.471
45571,139.32250201,-68.68957252,29.83,5.38,0.415
28790,91.16736258,-45.07954967,37.01,5.93,0.493
90568,277.20723319,-49.07003097,25.6,4.1,0.995
101772,309.39162365,-47.29166239,32.21,3.11,0.998
102333,311.00911122,-51.92084051,41.38,4.51,0.278
104680,318.0569505,-40.2688284,30.9,5.83,0.45
15201,48.98899185,-77.38860498,34.02,5.51,0.438
16245,52.34244352,-62.93843436,46.65,4.71,0.41
109857,333.75699582,57.04346522,38.86,4.18,0.278
97433,297.04255658,70.26783533,22.4,3.84,0.888
5542,17.77471116,55.14994765,23.73,4.34,0.17
7078,22.80632718,70.2647886,34.19,5.82,0.489
24109,77.6786286,46.96243511,21.64,5.67,0.452
46733,142.88154025,63.06179545,43.2,3.65,0.36
111449,338.67291135,-20.70785949,43.97,5.21,0.446
12288,39.57748196,-30.19388274,27.99,5.84,0.476
13782,44.34875521,-23.8620767,20.54,5.44,0.238
107350,326.12996019,14.77221491,54.37,5.96,0.587
110785,336.65507484,4.39363758,25.34,5.76,0.519
116928,355.51200741,1.7804172,32.38,4.49,0.2
106003,322.03399511,32.22513677,22.41,5.75,0.333
12114,39.01596864,6.88336423,138.72,5.79,0.918
13679,44.05720205,8.38177807,22.46,5.97,0.478
10064,32.38550383,34.98739204,26.24,3.0,0.14
23831,76.853675,-12.49100914,27.6,5.97,0.606
27435,87.14543446,-4.09408727,64.25,5.97,0.639
38382,117.94309895,-13.89719057,59.98,5.16,0.6
20484,65.8541598,16.77732694,21.17,5.64,0.31
20648,66.37215593,17.92798917,22.05,4.3,0.049
23835,76.86115023,18.64500711,63.02,4.91,0.657
27913,88.59618305,20.27641498,115.43,4.39,0.594
28614,90.59579323,9.64736756,21.49,4.12,0.17
31681,99.42792641,16.39941482,31.12,1.93,0.001
40843,125.01613464,27.21862138,55.17,5.13,0.487
52943,162.40596699,-16.19413208,23.54,3.11,1.232
63033,193.74460949,-44.15140639,25.17,5.89,0.633
46454,142.1140705,9.05677114,29.05,5.4,0.605
84405,258.83869698,-26.60004896,167.08,4.33,0.855
88726,271.70785224,-43.42496169,22.79,4.92,0.255
88635,271.45218586,-30.42365007,33.94,2.98,0.981
98066,298.95927101,-26.29968718,42.03,4.7,0.748
96536,294.39365282,-14.30144432,32.36,5.46,0.501
99572,303.10731366,-12.61702214,35.65,5.84,0.476
75695,231.95771631,29.10549164,28.6,3.66,0.319
78459,240.26166247,33.30538815,57.38,5.39,0.612
90139,275.92402821,21.77034249,25.4,3.85,1.168
93747,286.3525518,13.86370983,39.18,2.99,0.014
65479,201.30889897,-64.48509219,25.45,5.32,0.411
51523,157.84264509,-53.7159928,45.72,4.89,0.5
40888,125.16203304,-77.4845764,21.22,4.34,1.161
32607,102.04807134,-61.94197988,32.96,3.24,0.225
107089,325.36863801,-77.38946215,47.22,3.73,1.008
12394,39.8967653,-68.2669476,21.27,4.12,-0.061
23482,75.70302244,-49.15147328,38.19,5.37,0.421
2484,7.88566992,-62.95808549,23.35,4.36,-0.064
7978,25.62146258,-53.7405747,57.63,5.52,0.551
101093,307.39511383,62.99413722,24.04,4.21,0.199
109474,332.6620927,70.1325139,30.61,5.52,0.391
86614,265.4846127,72.14949916,45.38,4.57,0.434
74605,228.65834777,67.34767598,39.51,5.15,0.55
36439,112.48273588,49.67266207,50.25,5.35,0.47
109422,332.53534803,-32.54844042,53.36,4.94,0.489
8102,26.02136441,-15.93955597,274.17,3.49,0.727
107975,328.12481712,28.79369216,36.15,5.52,0.426
3093,9.84206107,21.2513739,90.03,5.88,0.85
10723,34.50510951,1.75689975,40.04,5.6,0.588
10670,34.32848216,33.84732099,27.73,4.03,0.019
17651,56.71245432,-23.248438,55.79,4.22,0.434
23875,76.96264146,-5.08626282,36.71,2.78,0.161
32366,101.34616795,-31.79292174,41.2,5.92,0.491
39757,121.88625899,-24.30443677,51.99,2.83,0.458
20261,65.15101968,15.09550358,21.2,5.26,0.225
21673,69.78832206,15.80003442,21.49,5.08,0.141
32362,101.3226398,12.89605513,57.02,3.35,0.443
44001,134.39651273,15.58123453,20.3,5.68,0.209
34017,105.87647681,29.33909345,52.37,5.93,0.595
36046,111.43198371,27.79828561,25.9,3.78,1.024
37265,114.79148501,34.58463287,20.62,4.89,0.413
56997,175.26260484,34.20256022,104.81,5.31,0.723
72567,222.56549508,23.91176538,55.73,5.86,0.576
77516,237.40527375,-3.43014112,20.94,3.54,-0.036
79672,243.90472242,-8.36823651,71.3,5.49,0.652
82369,252.45822137,-10.78280069,27.04,4.64,0.478
85365,261.65806271,-5.08649188,33.28,4.53,0.385
85922,263.37445668,-5.74457168,20.66,5.61,0.187
93864,286.73517629,-27.66981416,27.09,3.32,1.169
88175,270.12050178,-3.69016112,43.11,4.62,0.39
93429,285.42017236,-5.73901832,21.95,4.02,1.079
101027,307.21509857,-17.81366828,33.04,4.77,0.386
101345,308.097973,-9.85364143,41.26,5.66,0.689
95501,291.37396941,3.11457923,65.05,3.36,0.319
97649,297.6945086,8.86738491,194.44,0.76,0.221
91919,281.08473883,39.66997686,20.1,4.67,0.17
80000,244.96069832,-50.15537923,25.58,4.01,1.08
112405,341.51551393,-81.38161731,23.23,4.13,0.208
108870,330.82266498,-56.77980602,275.76,4.69,1.056
12484,40.16491631,-54.54992422,20.49,5.21,0.411
3583,11.43930832,-47.55217573,66.92,5.8,0.635
5862,18.79403213,-45.53209717,66.43,4.97,0.571
14913,48.10699596,-44.41965395,22.83,5.92,0.44
114924,349.1758098,53.21404995,49.31,5.58,0.556
102422,311.32195263,61.83679404,69.73,3.41,0.912
14668,47.37345463,44.85788896,29.05,3.79,0.98
67301,206.8856088,49.31330288,32.39,1.85,-0.099
49363,151.15143814,53.8917256,21.15,5.71,0.507
106985,325.02225935,-16.66225343,23.48,3.69,0.32
8209,26.41106016,-25.05243403,36.46,5.29,0.395
7276,23.42805448,-7.02514279,33.71,5.75,0.639
12390,39.89054885,-11.87158159,36.99,4.83,0.447
13701,44.10668245,-8.89760976,24.49,3.89,1.088
110882,336.96448769,4.6964107,20.39,4.78,1.039
10212,32.83817716,8.57008262,23.52,5.64,0.569
1473,4.58210555,36.7853273,23.11,4.51,0.054
7513,24.19990413,41.40638491,74.25,4.1,0.536
14086,45.40604298,-28.09048221,32.94,5.88,0.794
19095,61.40543294,-27.65203636,23.16,5.59,0.324
15197,48.95844499,-8.8198405,27.18,4.8,0.232
17395,55.89099355,-10.48561144,23.3,5.59,0.216
32349,101.28854105,-16.71314306,379.21,-1.44,0.009
36640,113.02423825,-8.88091851,33.4,5.9,0.54
18471,59.21680322,22.47825021,22.31,5.62,0.345
21589,69.53917371,12.51087423,21.79,4.27,0.122
26366,84.22637775,9.291412,28.1,4.09,0.951
20713,66.58613217,15.6183462,20.86,4.48,0.262
25278,81.10545973,17.38355205,68.19,5.0,0.544
37279,114.82724194,5.22750767,285.93,0.4,0.432
38712,118.88099024,8.8630571,26.21,5.86,0.369
46509,142.28682816,-2.76895627,58.48,4.59,0.411
64407,198.01451923,-16.1979034,30.72,5.04,0.46
58576,180.18486353,-10.44483921,77.48,5.54,0.76
53954,165.58242155,20.17974575,26.37,4.42,0.053
44897,137.21335301,33.88249742,52.25,5.95,0.585
59309,182.51463175,5.80696343,22.81,5.72,0.352
69989,214.81757038,13.00437724,38.33,5.41,0.385
84709,259.73483426,-34.98957161,143.45,5.91,1.082
77257,236.61144121,7.35323973,85.08,4.42,0.604
81729,250.40291009,26.91698945,23.35,5.92,0.402
97295,296.6065996,33.72868813,47.94,5.0,0.476
59072,181.72022021,-64.61363898,50.79,4.14,0.353
50191,153.68447399,-42.12206281,31.72,3.85,0.051
52727,161.69217542,-49.42012517,28.18,2.69,0.901
43797,133.79898826,-54.96554657,41.41,5.7,0.481
94150,287.46925968,-68.42434424,27.13,5.31,0.901
102395,311.2398153,-66.20323826,23.71,3.42,0.163
115713,351.65226789,-52.721919,31.28,5.53,0.409
2021,6.41334183,-77.25503511,133.78,2.82,0.618
96825,295.20880618,45.5246494,20.51,5.06,0.426
96441,294.11059344,50.22046347,53.78,4.49,0.395
99026,301.55682854,53.16506746,27.43,5.81,0.445
105199,319.64408982,62.58545529,66.84,2.45,0.257
14862,47.98432711,74.39386878,20.15,4.85,0.035
82860,254.00566477,65.13467204,66.28,4.88,0.481
79822,244.37708768,75.75470385,33.52,4.95,0.393
69713,214.04195627,51.36701398,33.54,4.75,0.236
59774,183.85603795,57.03259792,40.05,3.32,0.077
42438,129.79892615,65.02069298,70.07,5.63,0.618
30060,94.90579498,59.01090518,21.88,4.44,0.032
46853,143.21802191,51.67860208,74.15,3.17,0.475
52469,160.88798925,46.2040376,28.05,5.18,0.324
44248,135.16146765,41.78344401,60.86,3.96,0.463
115054,349.54077554,-40.82406346,28.89,5.54,0.445
105668,321.04766053,-12.8781302,20.8,5.48,0.297
107556,326.75952199,-16.12656595,84.58,2.85,0.18
2081,6.57028075,-42.30512197,42.14,2.4,1.083
5737,18.43250986,7.57548895,22.09,5.21,0.32
6706,21.56366085,19.17232096,38.35,5.35,0.395
4436,14.18790699,38.49925513,23.93,3.86,0.13
16537,53.23509009,-9.45830584,310.75,3.72,0.881
19587,62.96638834,-6.8377787,25.98,4.04,0.327
21402,68.91347315,10.16091706,21.68,4.25,0.184
27253,86.64566124,1.16853796,23.57,5.95,0.773
42172,128.96272402,6.62053814,37.68,5.91,0.53
37629,115.82785545,28.8840717,26.68,4.23,1.118
57443,176.63436255,-40.50133452,108.23,4.89,0.664
53252,163.37284019,-20.13815014,31.91,5.23,0.48
68933,211.67218608,-36.36869575,53.52,2.06,1.011
61359,188.59680864,-23.39662306,23.34,2.65,0.893
69701,214.00368717,-5.99952622,46.74,4.07,0.511
50583,154.99234054,19.84186032,25.96,2.01,1.128
49081,150.25425132,31.9247146,67.14,5.37,0.676
64241,197.49812263,17.52911621,69.81,4.32,0.455
69226,212.59978522,25.09182293,27.27,4.82,0.541
77660,237.81519764,-3.09042957,20.47,5.09,0.135
86736,265.85772897,-21.68308566,57.0,4.86,0.469
98470,300.08399517,-33.7027487,47.9,5.65,0.498
93805,286.56229139,-4.88233456,26.05,3.43,-0.096
97650,297.69501255,-10.76358902,37.86,5.38,0.402
98416,299.94787255,-9.95728408,40.75,5.87,0.598
80816,247.55525697,21.4896485,22.07,2.78,0.947
79119,242.24303566,36.49010935,28.84,4.73,1.015
61932,190.38002079,-48.95988553,25.01,2.2,-0.023
78914,241.6225984,-45.17327517,26.41,4.73,0.23
66438,204.30083723,-61.69157197,28.18,5.63,0.493
45238,138.30100329,-69.71747245,29.34,1.67,0.07
39903,122.25357658,-61.3017058,46.75,4.74,0.437
43908,134.1745136,-85.66323432,20.73,5.43,0.306
95294,290.8044192,-44.79964788,23.52,4.27,0.35
105319,319.96618253,-53.44926434,33.58,4.39,0.191
12653,40.63816025,-50.80082665,58.0,5.4,0.561
87833,269.15157439,51.48895101,22.1,2.24,1.521
35136,108.95880519,47.24041621,59.31,5.54,0.576
56290,173.08648748,61.08275166,36.34,5.46,0.515
47300,144.59077851,40.23976693,26.05,5.28,0.223
116971,355.68035357,-14.54474243,21.16,4.49,-0.032
2762,8.8110039,-3.59275785,47.51,5.2,0.567
12530,40.30779517,-0.69534847,46.24,5.72,0.511
115738,351.73293881,1.25583758,20.12,4.95,0.036
33302,103.90582904,-20.13659348,34.21,4.66,0.374
29716,93.89315534,-0.51165873,28.02,5.62,0.506
32851,102.70757903,-0.54042726,33.45,5.78,0.396
23179,74.81406425,37.8904824,20.5,4.93,0.037
28360,89.88237261,44.94743492,39.72,1.9,0.077
53699,164.80726626,-33.73745399,20.56,5.7,0.374
68895,211.59278733,-26.68201883,32.17,3.25,1.091
72622,222.71990536,-16.04161047,42.25,2.75,0.147
53824,165.18680144,6.10150342,21.61,4.98,0.166
51233,156.97121865,36.70747818,22.34,4.2,0.908
65721,202.10812668,13.78018777,55.22,4.97,0.714
72220,221.56246594,1.8929383,25.35,3.73,-0.005
84012,257.59442659,-15.72514757,38.77,2.43,0.059
99825,303.8190747,-27.03253576,113.33,5.73,0.878
93683,286.17055765,-21.74135451,23.49,3.76,1.012
96556,294.44690167,-4.64750966,31.14,5.45,0.429
78012,238.94818797,37.94676324,24.12,5.43,0.352
82587,253.24216797,31.70171538,33.3,5.34,0.319
93203,284.77387015,13.62254853,20.99,5.27,0.573
93917,286.85623123,32.50166027,24.64,5.2,0.367
76829,235.29798226,-44.66055926,57.09,4.64,0.413
74395,228.07167982,-52.09907465,28.06,3.41,0.918
64583,198.56428372,-59.10285946,55.49,4.9,0.489
84720,259.76230946,-46.6365001,113.81,5.47,0.764
72131,221.32186138,-62.87545275,21.75,5.36,0.308
80645,246.98864198,-64.05800515,24.75,5.28,0.383
81852,250.7725818,-77.51657182,20.69,4.23,1.06
51986,159.32606984,-48.22561631,37.71,3.84,0.3
44143,134.85158738,-59.08439697,38.2,5.17,0.417
40702,124.6302785,-76.91998251,51.4,4.05,0.413
34834,108.14058722,-46.75956448,47.22,4.49,0.324
89234,273.14235762,-73.67177867,24.48,5.86,0.464
104043,316.17928592,-77.02286938,22.07,5.13,0.49
112623,342.13832136,-51.31670354,25.16,3.49,0.083
17440,56.04814541,-64.80709398,32.71,3.84,1.133
2802,8.92139531,-48.00066027,27.61,5.51,0.461
108535,329.81293227,73.18028413,26.67,5.04,0.439
94648,288.8887238,73.35521457,21.73,4.45,1.257
89937,275.25974572,72.73369763,124.11,3.55,0.489
104171,316.59746974,71.43207905,20.36,5.88,0.386
5336,17.05383776,54.92422766,132.4,5.17,0.704
14632,47.26201363,49.61350009,94.93,4.05,0.595
19454,62.5009327,86.62635165,24.44,5.84,0.393
72573,222.58178099,82.51248701,23.08,5.63,0.671
76568,234.56726549,46.79799524,27.98,5.76,0.353
54061,165.93265365,61.75111888,26.38,1.81,1.061
48319,147.74871542,59.03910437,28.35,3.78,0.291
54539,167.41608092,44.49855337,22.21,3.0,1.144
114382,347.49016985,-42.86116912,28.87,5.83,0.475
113148,343.6900201,-16.27174207,23.27,5.53,1.111
5799,18.59986241,-7.9235004,41.01,5.14,0.448
5833,18.70491873,-0.97429411,22.79,5.7,0.428
11783,38.02198846,-15.2443199,38.73,4.74,0.454
109427,332.54924902,6.197789,33.77,3.52,0.086
112447,341.67267295,12.17408381,61.54,4.2,0.502
114971,349.28955677,3.28224524,24.92,3.7,0.916
4288,13.74174956,23.62844595,25.69,5.46,1.012
9487,30.51166929,2.76376048,23.45,3.82,0.024
171,0.54018776,27.08448905,80.63,5.8,0.69
13834,44.52114653,20.66881016,31.41,5.8,0.415
18339,58.81739077,-12.09905104,20.41,5.99,0.323
20400,65.51437351,14.07725051,21.87,5.72,0.315
20889,67.15388879,19.18052092,21.04,3.53,1.014
20635,66.34207825,22.29398098,21.27,4.21,0.136
29650,93.71223277,19.15688949,47.33,5.2,0.43
42911,131.17129209,18.15486399,23.97,3.94,1.083
57328,176.32085333,8.25817475,27.29,4.84,0.174
48455,148.19149028,26.00708498,24.52,3.88,1.222
49593,151.85718812,35.24469176,35.78,4.49,0.19
61960,190.47086482,10.23584294,27.1,4.88,0.076
64394,197.97051117,27.87603769,109.23,4.23,0.572
79881,244.57467023,-28.61377598,23.23,4.8,0.008
74666,228.87543241,33.31510222,27.94,3.46,0.961
87933,269.44096106,29.24792527,24.12,3.7,0.935
91217,279.1159838,9.12281663,25.75,5.38,0.387
98375,299.79409487,23.10127381,20.66,5.68,0.345
93017,284.25612303,32.90162351,66.76,5.2,0.594
91926,281.09489936,39.61259557,20.34,4.59,0.18
64390,197.96408969,-69.94201974,22.67,5.92,0.415
99240,302.17441713,-66.17932101,163.73,3.55,0.751
116250,353.33143988,-77.38533173,31.49,5.82,0.681
102693,312.12083153,-43.98827127,24.35,5.11,0.361
27321,86.82118054,-51.06671329,51.87,3.85,0.171
2578,8.18247614,-63.03137868,21.52,5.07,0.038
765,2.35224949,-45.74698836,23.28,3.88,1.013
12486,40.16638213,-39.85530905,22.42,4.11,1.006
102253,310.79576497,66.65736293,23.49,5.59,0.218
94376,288.13814581,67.66131695,32.54,3.07,0.99
15669,50.46821583,49.07105892,21.86,5.94,0.468
9598,30.85912643,72.42123962,20.12,3.95,-0.002
86036,263.74687828,61.8758315,70.98,5.23,0.602
83608,256.3340928,54.46986308,37.08,4.91,0.471
78527,240.4737656,58.56443739,47.79,4.01,0.528
87234,267.36223704,76.96227797,31.13,5.02,0.518
50372,154.27469564,42.91446855,24.27,3.45,0.029
44127,134.80349479,48.04234956,68.32,3.12,0.223
116758,354.94598676,-14.22204281,24.38,4.97,0.257
12562,40.39221887,-14.54941172,20.29,5.98,0.429
112748,342.5004181,24.60168486,27.95,3.51,0.933
5310,16.98795829,20.73932115,20.23,5.56,0.121
13702,44.10825985,18.02365076,28.24,5.58,0.471
22325,72.13553607,-16.32958093,24.06,5.76,0.537
24786,79.7093162,-18.13019946,40.11,5.96,0.572
27288,86.73895728,-14.82194717,46.47,3.55,0.104
22336,72.1508432,-5.67343877,37.73,5.77,0.631
19719,63.38794242,7.7160341,27.04,5.29,0.366
25428,81.57290804,28.60787346,24.89,1.65,-0.13
35350,109.52336162,16.54047526,34.59,3.58,0.106
35550,110.0307889,21.98233941,55.45,3.5,0.374
36366,112.27754045,31.78407932,54.06,4.16,0.32
49809,152.52483143,-12.81565791,36.61,5.3,0.368
61468,188.94006062,-41.02194744,28.92,5.12,0.224
71957,220.76484284,-5.6574291,53.54,3.87,0.385
49669,152.09358075,11.96719513,42.09,1.36,-0.087
48390,147.97093576,24.3957937,24.9,5.29,0.229
45688,139.71111394,36.80289763,26.75,3.82,0.066
53229,163.32766612,34.21556641,33.4,3.79,1.04
53721,164.86756582,40.43012281,71.04,5.03,0.624
58684,180.52942963,43.04546506,29.48,5.22,0.283
77853,238.45615438,-16.7296223,20.02,4.13,1.003
77464,237.23672761,-3.81852811,20.34,5.53,0.12
82621,253.35523754,-20.41548861,35.73,5.86,0.685
80628,246.95094563,-8.37170055,26.67,4.62,0.185
103389,314.1969592,-26.29621951,47.61,5.7,0.507
74689,228.9547494,0.37210753,20.2,5.62,0.181
76267,233.67162293,26.71491041,43.65,2.22,0.032
76952,235.68599269,26.29551419,22.48,3.81,0.02
75312,230.80094284,30.28824114,53.7,4.99,0.577
88601,271.36338682,2.50243928,196.62,4.03,0.86
75206,230.53497528,-47.92746963,29.27,4.99,0.515
75181,230.45655596,-48.31695913,68.7,5.65,0.639
50070,153.3453401,-51.23293774,20.06,5.27,0.257
26394,84.28663598,-80.4716745,54.92,5.65,0.6
27890,88.52458376,-63.09102096,36.67,4.65,1.022
19921,64.12118133,-59.30174841,54.84,4.44,1.078
2711,8.61506261,-52.37318294,39.03,5.57,0.472
2383,7.60822774,-48.21469821,22.19,5.67,0.367
