fSeparationLamD,fCoreThroughput,fRawContrast
0.5,0.0028392833746781693,4.978713600000001e-07
0.5110273938666471,0.0030038740239389395,4.5626844689318213e-07
0.5222979945642745,0.0031779380335773774,4.1814193857288057e-07
0.5338171659679147,0.0033620125813958214,3.832013411929391e-07
0.5455903902517257,0.003556664342993038,3.5118043502941527e-07
0.5576232704980526,0.0037624909966473656,3.218352460967897e-07
0.5699215333640324,0.003980122791063006,2.949421872591091e-07
0.5824910318070097,0.00421022417684031,2.702963546728049e-07
0.5953377478700608,0.004453495502277901,2.477099665814265e-07
0.6084677955289522,0.0047106747738163025,2.2701093256713857e-07
0.6218874236018888,0.0049825394810840305,2.0804154235781134e-07
0.6356030187234336,0.005269908486102299,1.9065726419945253e-07
0.6496211083840199,0.005573643975737336,1.7472564363852406e-07
0.6639483640364967,0.0058946534759530675,1.6012529432374046e-07
0.6785916042711895,0.006233891925804641,1.4674497313805466e-07
0.6935577980609862,0.006592363808417183,1.34482732614067e-07
0.708854068077992,0.0069711253354062105,1.2324514417493603e-07
0.7244876940833341,0.007371286680307866,1.1294658628249743e-07
0.7404661163917259,0.007794014255589404,1.0350859206884662e-07
0.7567969394124421,0.008240533026694068,9.485925148084954e-08
0.7734879352683901,0.008712128855329916,8.693266338239867e-08
0.7905470474949984,0.009210150862829504,7.96684334398645e-08
0.8079823948206829,0.009736013802876784,7.301121396502876e-08
0.8258022750306918,0.010291200431209397,6.691028220946358e-08
0.844015168916165,0.010877263858049265,6.131915389729687e-08
0.8626297443102914,0.01149582986698307,5.61952290517849e-08
0.8816548602134807,0.012148599181798633,5.149946741717478e-08
0.9010995710095161,0.01283734966037701,4.7196091002825266e-08
0.9209731307746933,0.01356393839213723,4.325231148320798e-08
0.9412849976819965,0.014330303672728287,3.9638080376793415e-08
0.9620448385024073,0.015138466826660804,3.632586010038144e-08
0.9832625332054891,0.015990533845370858,3.329041415449173e-08
1.0049481796614372,0.016888696804818144,3.05086148411926e-08
1.0271120984468305,0.01783523502315098,2.7959267049330247e-08
1.0497648377563735,0.018832515915239413,2.562294676454102e-08
1.0729171784229665,0.01988299549700834,2.3481853073620875e-08
1.0965801390484897,0.020989218488527566,2.1519672535642342e-08
1.1207649812477503,0.022153817960775726,1.9721454886433708e-08
1.145483215008079,0.02337951446694048,1.8073499129387673e-08
1.1707466041671335,0.02466911459511233,1.6563249144700734e-08
1.1965671720115143,0.026025508875347523,1.5179198021668562e-08
1.2229572069988563,0.027451668970407087,1.3910800385125134e-08
1.2499292686061183,0.028950644076127824,1.274839204802246e-08
1.277496193306858,0.03052555645446889,1.1683116377966777e-08
1.3056711006803319,0.03217959601993874,1.070685681668294e-08
1.3344673996553331,0.03391601389850093,9.81217503825808e-09
1.3638987948917325,0.035738114877350416,8.992254274979914e-09
1.3939792933027653,0.03764924866433766,8.24084737895681e-09
1.4247232107211651,0.03965279987749717,7.552229223790607e-09
1.4561451787123176,0.04175217668832935,6.9211530836404085e-09
1.4882601515376774,0.04395079804741682,6.342810657320327e-09
1.5210834132717612,0.04625207942786362,5.812795432846485e-09
1.5546305850761044,0.0486594170311611,5.327069113299965e-09
1.5889176326336445,0.051176170411637883,4.881930848197449e-09
1.623960873747068,0.05380564348985614,4.47398903593684e-09
1.6597769861047342,0.056551063942358294,4.100135482474888e-09
1.696383015217881,0.05941556097520744,3.757521719346226e-09
1.7337963825328768,0.06240214151189159,3.4435373005860408e-09
1.7720348937223924,0.06551366485243049,3.1557899131959208e-09
1.8111167471594303,0.06875281588988068,2.8920871496104364e-09
1.8510605425782458,0.0721220770027559,2.6504198032850965e-09
1.891885289926285,0.07562369877691529,2.4289465601311643e-09
1.933610418411351,0.07925966974785591,2.225979969158264e-09
1.9762557857482992,0.08303168539357032,2.0399735854321395e-09
2.0198416876096723,0.08694111664854326,1.869510187387035e-09
2.0643888672847623,0.09098897825025626,1.713290978718005e-09
2.109918525551703,0.09517589726978849,1.570125692580036e-09
2.156452330767291,0.09950208221664064,1.438923522695851e-09
2.204012429179331,0.10396729314352827,1.318684812274606e-09
2.252621455466423,0.10857081320825174,1.208493437417573e-09
2.302302543510199,0.11331142217541974,1.1075098269784357e-09
2.3530793374051395,0.11818737235933903,1.0149645656950178e-09
2.4049760027112104,0.12319636751933592,9.301525318533661e-10
2.4580172379546723,0.12833554521878662,8.524275248178494e-10
2.5122282863825403,0.13360146314799135,7.81197341493272e-10
2.5676349479762846,0.13899008988771697,7.159192642055528e-10
2.6242635917304895,0.14449680055404587,6.560959256221872e-10
2.682141168202317,0.15011637771573413,6.012715192064475e-10
2.741295222337749,0.1558430179126524,5.510283263319861e-10
2.801753906580701,0.16167034402856179,5.049835335972026e-10
2.863545994271266,0.1675914236844919,4.6278631608981613e-10
2.926700893339444,0.17359879372182196,4.2411516437843994e-10
2.991248660300887,0.17968449073886003,3.886754348649372e-10
3.0572200145613238,0.1858400875337076,3.561971048331781e-10
3.124646353036452,0.1920567351923467,3.264327150894604e-10
3.193559765094282,0.19832521044736132,2.9915548451911894e-10
3.2639930478270256,0.20463596782280732,2.741575821937533e-10
3.3359797216597986,0.21097919597790135,2.5124854386388823e-10
3.4095540463035796,0.21734487756968282,2.302538207719956e-10
3.4847510370599992,0.22372285187568858,2.1101344972898137e-10
3.5616064814857324,0.23010287935465795,1.9338083432116886e-10
3.640156956424425,0.23647470727853054,1.7722162796154297e-10
3.72043984541424,0.24282813554408286,1.6241271027498863e-10
3.8024933564793413,0.24915308176836795,1.488412490183837e-10
3.8863565403137548,0.2554396447887967,1.3640384038812603e-10
3.9720693088662724,0.261678165725667,1.2500572116491272e-10
4.05967245433525,0.2678592858208876,1.1456004669293878e-10
4.149207668582316,0.2739740003396105,1.0498722919229085e-10
4.240717562974256,0.280013707908988,1e-10
4.334245688662506,0.28597025476736865,1e-10
4.4298365573099,0.29183597350471996,1e-10
4.527535662274557,0.29760371598755125,1e-10
4.627389500260942,0.30326688027571735,1e-10
4.729445593448472,0.3088194314509929,1e-10
4.833752512108141,0.3142559163852144,1e-10
4.940359897717964,0.3195714725764783,1e-10
5.04931848658821,0.32476183127315544,1e-10
5.160680134007712,0.3298233151856214,1e-10
5.27449783892268,0.33475283115339965,1e-10
5.390825769159839,0.33954785819016464,1e-10
5.509719287205829,0.3442064313705185,1e-10
5.631234976555191,0.34872712205085166,1e-10
5.755430668639417,0.3531090149325059,1e-10
5.882365470349952,0.3573516824797754,1e-10
6.012099792168179,0.36145515719915094,1e-10
6.144695376915828,0.3654199022709424,1e-10
6.280215329139461,0.36924678100142777,1e-10
6.4187241451430115,0.37293702553441604,1e-10
6.560287743682712,0.37649220522703675,1e-10
6.704973497338965,0.37991419505703655,1e-10
6.852850264580139,0.3832051443891823,1e-10
7.003988422533499,0.3863674463876774,1e-10
7.158459900478927,0.38940370832083054,1e-10
7.316338214081288,0.3923167229644268,1e-10
7.477698500377839,0.3951094412720611,1e-10
7.642617553537245,0.3977849464446692,1e-10
7.811173861407253,0.4003464294980461,1e-10
7.983447642868446,0.40279716639657354,1e-10
8.159520886011778,0.40514049679387026,1e-10
8.339477387158148,0.4073798043966879,1e-10
8.523402790738528,0.40951849894711306,1e-10
8.71138463005363,0.4115599997999104,1e-10
8.903512368932544,0.4135077210565196,1e-10
9.099877444310112,0.41536505820463115,1e-10
9.300573309743363,0.4171353762021989,1e-10
9.505695479887695,0.4188219989369872,1e-10
9.715341575953946,0.42042819998705194,1e-10
9.92961137216806,0.4219571946036976,1e-10
10.14860684325533,0.4234121328361913,1e-10
10.372432212971983,0.4247960937166388,1e-10
10.601194003707064,0.4261120804237184,1e-10
10.835001087178295,0.4273630163452394,1e-10
11.073964736246019,0.42855174196155293,1e-10
11.31819867786991,0.4296810124745472,1e-10
11.567819147233582,0.4307534961101474,1e-10
11.822944943062955,0.4317717730257959,1e-10
12.083697484164633,0.43273833475819706,1e-10
12.35020086721122,0.43365558415057615,1e-10
12.622581925801109,0.43452583570274445,1e-10
12.900970290820768,0.4353513162913149,1e-10
13.185498452138356,0.43613416621142087,1e-10
13.476301821657946,0.436876440495204,1e-10
13.77351879776442,0.4375801104661296,1e-10
14.077290831189643,0.4382470654918216,1e-10
14.38776249233138,0.43887911490157683,1e-10
14.705081540056801,0.4394779900379924,1e-10
15.029398992023536,0.4400453464152225,1e-10
15.3608691965516,0.44058276595926504,1e-10
15.699649906080436,0.44109175930835837,1e-10
16.045902352246074,0.441573768154056,1e-10
16.39979132261403,0.44203016760583436,1e-10
16.7614852391046,0.44246226856419646,1e-10
17.131156238147796,0.44287132008915714,1e-10
17.508980252606037,0.44325851175274994,1e-10
17.895137095503703,0.4436249759657873,1e-10
18.289810545603235,0.4439717902705495,1e-10
18.69318843486868,0.444299979592371,1e-10
19.10546273785818,0.4446105184442656,1e-10
19.526829663087995,0.4449043330797709,1e-10
19.957489746411593,0.4451823035901262,1e-10
20.397647946458097,0.445445265942724,1e-10
20.847513742175696,0.44569401395850766,1e-10
21.307301232526314,0.4459293012266325,1e-10
21.77722923837904,0.44615184295527255,1e-10
22.257521406650767,0.44636231775795177,1e-10
22.7484063167437,0.44656136937520274,1e-10
23.250117589330213,0.4467496083317332,1e-10
23.76289399753702,0.44692761352959065,1e-10
24.286979580581473,0.4470959337780925,1e-10
24.822623759914034,0.4472550892615132,1e-10
25.370081457922364,0.44740557294571315,1e-10
25.929613219253227,0.447547851925048,1e-10
26.501485334810276,0.4476823687110285,1e-10
27.085969968486527,0.44780954246429877,1e-10
27.68334528669188,0.44792977017158025,1e-10
28.293895590737343,0.4480434277692879,1e-10
28.917911452139045,0.44815087121556285,1e-10
29.55568985090617,0.4482524375124928,1e-10
30.207534316878984,0.44834844568030097,1e-10
30.87375507418395,0.44843919768528856,1e-10
31.554669188874776,0.44852497932329927,1e-10
32.25060071982973,0.0,1.0
32.9618808729768,0.0,1.0
33.688848158920436,0.0,1.0
34.431848554044606,0.0,1.0
35.191235665168975,0.0,1.0
35.96737089783661,0.0,1.0
36.760623628313056,0.0,1.0
37.57137137937902,0.0,1.0
38.39999999999999,0.0,1.0
